{"cameraMode":{"drawMode":0,"name":"Shaded","section":"Shading Mode"},"sceneLighting":true,"audioPlay":false,"sceneViewState":{"m_AlwaysRefresh":false,"showFog":true,"showSkybox":true,"showFlares":true,"showImageEffects":true,"showParticleSystems":true,"showVisualEffectGraphs":true,"m_FxEnabled":true},"in2DMode":false,"pivot":{"x":-0.22966814041137696,"y":16.806480407714845,"z":-46.551856994628909},"rotation":{"x":-0.04288635775446892,"y":-0.011089046485722065,"z":-0.0004823002964258194,"w":0.9990532994270325},"size":7.596791744232178,"orthographic":true}