{"cameraMode":{"drawMode":0,"name":"Shaded","section":"Shading Mode"},"sceneLighting":true,"audioPlay":false,"sceneViewState":{"m_AlwaysRefresh":false,"showFog":true,"showSkybox":true,"showFlares":true,"showImageEffects":true,"showParticleSystems":true,"showVisualEffectGraphs":true,"m_FxEnabled":true},"in2DMode":false,"pivot":{"x":-31.703277587890626,"y":14.137295722961426,"z":218.3763885498047},"rotation":{"x":-0.1177205741405487,"y":0.05984055995941162,"z":-0.0071113817393779758,"w":-0.9912249445915222},"size":16.02173614501953,"orthographic":false}